,name,uid,datasetName,datasetCode,period,organisationUnits
0,B,yS4MXtRcZTm,"IDS - Report: Suspected, Confirm, Death, Recovered",ZyZmZTUwctj,Weekly,Fu370tZTKYz
1,B,fl58YaIi8mN,"IDS - Report: Suspected, Confirm, Death, Recovered",ZyZmZTUwctj,Weekly,Fu370tZTKYz
2,B,BiKq6sR1K1x,"IDS - Report: Suspected, Confirm, Death, Recovered",ZyZmZTUwctj,Weekly,Fu370tZTKYz
3,B,Bzq2xWQoYQa,"IDS - Report: Suspected, Confirm, Death, Recovered",ZyZmZTUwctj,Weekly,Fu370tZTKYz
4,B,g888UicEoRs,"IDS - Report: Suspected, Confirm, Death, Recovered",ZyZmZTUwctj,Weekly,Fu370tZTKYz
5,B,R3CLt2pM6to,"IDS - Report: Suspected, Confirm, Death, Recovered",ZyZmZTUwctj,Weekly,Fu370tZTKYz
6,B,YRkBAzoci4Z,"IDS - Report: Suspected, Confirm, Death, Recovered",ZyZmZTUwctj,Weekly,Fu370tZTKYz
7,B,V24X5OSW1Xa,"IDS - Report: Suspected, Confirm, Death, Recovered",ZyZmZTUwctj,Weekly,Fu370tZTKYz
8,B,Ipzm4P4QbNn,"IDS - Report: Suspected, Confirm, Death, Recovered",ZyZmZTUwctj,Weekly,Fu370tZTKYz
9,B,qFCmPnIfxpL,"IDS - Report: Suspected, Confirm, Death, Recovered",ZyZmZTUwctj,Weekly,Fu370tZTKYz
10,B,GAlE2qpQln3,"IDS - Report: Suspected, Confirm, Death, Recovered",ZyZmZTUwctj,Weekly,Fu370tZTKYz
11,B,ergtKFtQCA9,"IDS - Report: Suspected, Confirm, Death, Recovered",ZyZmZTUwctj,Weekly,Fu370tZTKYz
12,I,kdCw1Dav0L2,"IDS - Report: Suspected, Confirm, Death, Recovered",ZyZmZTUwctj,Weekly,Fu370tZTKYz
13,I,ufcuSqBY5Kl,"IDS - Report: Suspected, Confirm, Death, Recovered",ZyZmZTUwctj,Weekly,Fu370tZTKYz
14,I,JWOyVCrD8Rf,"IDS - Report: Suspected, Confirm, Death, Recovered",ZyZmZTUwctj,Weekly,Fu370tZTKYz
15,I,L4CrtgVqgXP,"IDS - Report: Suspected, Confirm, Death, Recovered",ZyZmZTUwctj,Weekly,Fu370tZTKYz
16,I,qiRedyofuIr,"IDS - Report: Suspected, Confirm, Death, Recovered",ZyZmZTUwctj,Weekly,Fu370tZTKYz
17,I,IRs79L3ljFO,"IDS - Report: Suspected, Confirm, Death, Recovered",ZyZmZTUwctj,Weekly,Fu370tZTKYz
18,I,mTMkBrcHyHE,"IDS - Report: Suspected, Confirm, Death, Recovered",ZyZmZTUwctj,Weekly,Fu370tZTKYz
19,I,jxNhcDp8zqI,"IDS - Report: Suspected, Confirm, Death, Recovered",ZyZmZTUwctj,Weekly,Fu370tZTKYz
20,I,aKbl9CguxWk,"IDS - Report: Suspected, Confirm, Death, Recovered",ZyZmZTUwctj,Weekly,Fu370tZTKYz
21,I,orODvNMtilX,"IDS - Report: Suspected, Confirm, Death, Recovered",ZyZmZTUwctj,Weekly,Fu370tZTKYz
22,I,AjD42FvYlsW,"IDS - Report: Suspected, Confirm, Death, Recovered",ZyZmZTUwctj,Weekly,Fu370tZTKYz
23,I,G3REuUgSxIV,"IDS - Report: Suspected, Confirm, Death, Recovered",ZyZmZTUwctj,Weekly,Fu370tZTKYz
24,A,h0jdVL4PhVB,"IDS - Report: Suspected, Confirm, Death, Recovered",ZyZmZTUwctj,Weekly,Fu370tZTKYz
25,A,zs2tAr5df7D,"IDS - Report: Suspected, Confirm, Death, Recovered",ZyZmZTUwctj,Weekly,Fu370tZTKYz
26,A,gUtz1V6EhUL,"IDS - Report: Suspected, Confirm, Death, Recovered",ZyZmZTUwctj,Weekly,Fu370tZTKYz
27,A,Pohdqwz91eE,"IDS - Report: Suspected, Confirm, Death, Recovered",ZyZmZTUwctj,Weekly,Fu370tZTKYz
28,A,EjYBUBUgMkQ,"IDS - Report: Suspected, Confirm, Death, Recovered",ZyZmZTUwctj,Weekly,Fu370tZTKYz
29,A,njQCXwUPbf3,"IDS - Report: Suspected, Confirm, Death, Recovered",ZyZmZTUwctj,Weekly,Fu370tZTKYz
30,A,DEvc1olhdtH,"IDS - Report: Suspected, Confirm, Death, Recovered",ZyZmZTUwctj,Weekly,Fu370tZTKYz
31,A,v8hTrhGoxyZ,"IDS - Report: Suspected, Confirm, Death, Recovered",ZyZmZTUwctj,Weekly,Fu370tZTKYz
32,A,PL793gg2kaz,"IDS - Report: Suspected, Confirm, Death, Recovered",ZyZmZTUwctj,Weekly,Fu370tZTKYz
33,A,HLP8zZE2Y2e,"IDS - Report: Suspected, Confirm, Death, Recovered",ZyZmZTUwctj,Weekly,Fu370tZTKYz
34,A,HEV58zJ7gcM,"IDS - Report: Suspected, Confirm, Death, Recovered",ZyZmZTUwctj,Weekly,Fu370tZTKYz
35,A,nyPjDGR13k2,"IDS - Report: Suspected, Confirm, Death, Recovered",ZyZmZTUwctj,Weekly,Fu370tZTKYz
36,PHC,wntB9Q2UFql,"IDS - Report: Suspected, Confirm, Death, Recovered",ZyZmZTUwctj,Weekly,Fu370tZTKYz
37,PHC,uffXT4R7xtc,"IDS - Report: Suspected, Confirm, Death, Recovered",ZyZmZTUwctj,Weekly,Fu370tZTKYz
38,PHC,Qiv2NBa1gh0,"IDS - Report: Suspected, Confirm, Death, Recovered",ZyZmZTUwctj,Weekly,Fu370tZTKYz
39,PHC,oDdrBWWh380,"IDS - Report: Suspected, Confirm, Death, Recovered",ZyZmZTUwctj,Weekly,Fu370tZTKYz
40,PHC,kOqTMEoGQym,"IDS - Report: Suspected, Confirm, Death, Recovered",ZyZmZTUwctj,Weekly,Fu370tZTKYz
41,PHC,N1ECebcL0cl,"IDS - Report: Suspected, Confirm, Death, Recovered",ZyZmZTUwctj,Weekly,Fu370tZTKYz
42,PHC,c4K07xrvG5e,"IDS - Report: Suspected, Confirm, Death, Recovered",ZyZmZTUwctj,Weekly,Fu370tZTKYz
43,PHC,zUeXpZBAmK9,"IDS - Report: Suspected, Confirm, Death, Recovered",ZyZmZTUwctj,Weekly,Fu370tZTKYz
44,PHC,Q03mHnj2LZv,"IDS - Report: Suspected, Confirm, Death, Recovered",ZyZmZTUwctj,Weekly,Fu370tZTKYz
45,PHC,gYcvXXkWpfz,"IDS - Report: Suspected, Confirm, Death, Recovered",ZyZmZTUwctj,Weekly,Fu370tZTKYz
46,PHC,fxT2ydBHVKp,"IDS - Report: Suspected, Confirm, Death, Recovered",ZyZmZTUwctj,Weekly,Fu370tZTKYz
47,PHC,G0x3VkYu15j,"IDS - Report: Suspected, Confirm, Death, Recovered",ZyZmZTUwctj,Weekly,Fu370tZTKYz
48,Bt,h0L1Y8VS0CA,"IDS - Report: Suspected, Confirm, Death, Recovered",ZyZmZTUwctj,Weekly,Fu370tZTKYz
49,Bt,uOubTJTckd0,"IDS - Report: Suspected, Confirm, Death, Recovered",ZyZmZTUwctj,Weekly,Fu370tZTKYz
50,Bt,l0RDJaCTjtq,"IDS - Report: Suspected, Confirm, Death, Recovered",ZyZmZTUwctj,Weekly,Fu370tZTKYz
51,Bt,BIW51NswDlq,"IDS - Report: Suspected, Confirm, Death, Recovered",ZyZmZTUwctj,Weekly,Fu370tZTKYz
52,Bt,FYWQu4HFRqk,"IDS - Report: Suspected, Confirm, Death, Recovered",ZyZmZTUwctj,Weekly,Fu370tZTKYz
53,Bt,qKH84CRSTOh,"IDS - Report: Suspected, Confirm, Death, Recovered",ZyZmZTUwctj,Weekly,Fu370tZTKYz
54,Bt,aDFZMpOy6Og,"IDS - Report: Suspected, Confirm, Death, Recovered",ZyZmZTUwctj,Weekly,Fu370tZTKYz
55,Bt,L4oxcFAoA2F,"IDS - Report: Suspected, Confirm, Death, Recovered",ZyZmZTUwctj,Weekly,Fu370tZTKYz
56,Bt,QvzG3Vqcng7,"IDS - Report: Suspected, Confirm, Death, Recovered",ZyZmZTUwctj,Weekly,Fu370tZTKYz
57,Bt,M03gax1ZFAc,"IDS - Report: Suspected, Confirm, Death, Recovered",ZyZmZTUwctj,Weekly,Fu370tZTKYz
58,Bt,tLu8b11sBtq,"IDS - Report: Suspected, Confirm, Death, Recovered",ZyZmZTUwctj,Weekly,Fu370tZTKYz
59,Bt,Lxc3mfW6zRf,"IDS - Report: Suspected, Confirm, Death, Recovered",ZyZmZTUwctj,Weekly,Fu370tZTKYz
60,It,O0YI8AtiVuL,"IDS - Report: Suspected, Confirm, Death, Recovered",ZyZmZTUwctj,Weekly,Fu370tZTKYz
61,It,LlV7njYG8QA,"IDS - Report: Suspected, Confirm, Death, Recovered",ZyZmZTUwctj,Weekly,Fu370tZTKYz
62,It,Aix912u5czY,"IDS - Report: Suspected, Confirm, Death, Recovered",ZyZmZTUwctj,Weekly,Fu370tZTKYz
63,It,vJYlmMxGgWP,"IDS - Report: Suspected, Confirm, Death, Recovered",ZyZmZTUwctj,Weekly,Fu370tZTKYz
64,It,wJ5ke7HsvrU,"IDS - Report: Suspected, Confirm, Death, Recovered",ZyZmZTUwctj,Weekly,Fu370tZTKYz
65,It,zEhKzjhdA4x,"IDS - Report: Suspected, Confirm, Death, Recovered",ZyZmZTUwctj,Weekly,Fu370tZTKYz
66,It,ZWYxjl81SVG,"IDS - Report: Suspected, Confirm, Death, Recovered",ZyZmZTUwctj,Weekly,Fu370tZTKYz
67,It,tYPqFdcxtwt,"IDS - Report: Suspected, Confirm, Death, Recovered",ZyZmZTUwctj,Weekly,Fu370tZTKYz
68,It,K6wO6hizz0E,"IDS - Report: Suspected, Confirm, Death, Recovered",ZyZmZTUwctj,Weekly,Fu370tZTKYz
69,It,uu8jcVlsXiv,"IDS - Report: Suspected, Confirm, Death, Recovered",ZyZmZTUwctj,Weekly,Fu370tZTKYz
70,It,R5wCKIGUz4o,"IDS - Report: Suspected, Confirm, Death, Recovered",ZyZmZTUwctj,Weekly,Fu370tZTKYz
71,It,NL2y47lYrYH,"IDS - Report: Suspected, Confirm, Death, Recovered",ZyZmZTUwctj,Weekly,Fu370tZTKYz
72,At,G7gFIyd5Z18,"IDS - Report: Suspected, Confirm, Death, Recovered",ZyZmZTUwctj,Weekly,Fu370tZTKYz
73,At,LiHCJbMOddE,"IDS - Report: Suspected, Confirm, Death, Recovered",ZyZmZTUwctj,Weekly,Fu370tZTKYz
74,At,KQ0RloY5x70,"IDS - Report: Suspected, Confirm, Death, Recovered",ZyZmZTUwctj,Weekly,Fu370tZTKYz
75,At,BNWYk5ETZCV,"IDS - Report: Suspected, Confirm, Death, Recovered",ZyZmZTUwctj,Weekly,Fu370tZTKYz
76,At,uOj1x0ejH5P,"IDS - Report: Suspected, Confirm, Death, Recovered",ZyZmZTUwctj,Weekly,Fu370tZTKYz
77,At,ZC36d7u3Toz,"IDS - Report: Suspected, Confirm, Death, Recovered",ZyZmZTUwctj,Weekly,Fu370tZTKYz
78,At,Iko18C9FpOx,"IDS - Report: Suspected, Confirm, Death, Recovered",ZyZmZTUwctj,Weekly,Fu370tZTKYz
79,At,Q6K0KX8oewH,"IDS - Report: Suspected, Confirm, Death, Recovered",ZyZmZTUwctj,Weekly,Fu370tZTKYz
80,At,TkTl9YFBuB2,"IDS - Report: Suspected, Confirm, Death, Recovered",ZyZmZTUwctj,Weekly,Fu370tZTKYz
81,At,KdvpJyP4VfN,"IDS - Report: Suspected, Confirm, Death, Recovered",ZyZmZTUwctj,Weekly,Fu370tZTKYz
82,At,azQme1JGLqX,"IDS - Report: Suspected, Confirm, Death, Recovered",ZyZmZTUwctj,Weekly,Fu370tZTKYz
83,At,Uy5TUYcfrLq,"IDS - Report: Suspected, Confirm, Death, Recovered",ZyZmZTUwctj,Weekly,Fu370tZTKYz
84,PHCt,TPwcFrLk17N,"IDS - Report: Suspected, Confirm, Death, Recovered",ZyZmZTUwctj,Weekly,Fu370tZTKYz
85,PHCt,XvGBmPUnyf6,"IDS - Report: Suspected, Confirm, Death, Recovered",ZyZmZTUwctj,Weekly,Fu370tZTKYz
86,PHCt,MvdUfoMaqfL,"IDS - Report: Suspected, Confirm, Death, Recovered",ZyZmZTUwctj,Weekly,Fu370tZTKYz
87,PHCt,Fe0dcUvWTTX,"IDS - Report: Suspected, Confirm, Death, Recovered",ZyZmZTUwctj,Weekly,Fu370tZTKYz
88,PHCt,h58X2GTCTaK,"IDS - Report: Suspected, Confirm, Death, Recovered",ZyZmZTUwctj,Weekly,Fu370tZTKYz
89,PHCt,m9cdeg1jczL,"IDS - Report: Suspected, Confirm, Death, Recovered",ZyZmZTUwctj,Weekly,Fu370tZTKYz
90,PHCt,JhM2k2ygTNG,"IDS - Report: Suspected, Confirm, Death, Recovered",ZyZmZTUwctj,Weekly,Fu370tZTKYz
91,PHCt,umQbRSntYkL,"IDS - Report: Suspected, Confirm, Death, Recovered",ZyZmZTUwctj,Weekly,Fu370tZTKYz
92,PHCt,eYgC1dSEQXh,"IDS - Report: Suspected, Confirm, Death, Recovered",ZyZmZTUwctj,Weekly,Fu370tZTKYz
93,PHCt,k2ZZsJRG1iY,"IDS - Report: Suspected, Confirm, Death, Recovered",ZyZmZTUwctj,Weekly,Fu370tZTKYz
94,PHCt,ImEwfBTwAos,"IDS - Report: Suspected, Confirm, Death, Recovered",ZyZmZTUwctj,Weekly,Fu370tZTKYz
95,PHCt,ZagHjRsaIZC,"IDS - Report: Suspected, Confirm, Death, Recovered",ZyZmZTUwctj,Weekly,Fu370tZTKYz
96,Solvedt,sxJoRB9rkil,"IDS - Report: Suspected, Confirm, Death, Recovered",ZyZmZTUwctj,Weekly,Fu370tZTKYz
97,Solvedt,tRtzPHEGt26,"IDS - Report: Suspected, Confirm, Death, Recovered",ZyZmZTUwctj,Weekly,Fu370tZTKYz
98,Solvedt,fuMTJhBhTJx,"IDS - Report: Suspected, Confirm, Death, Recovered",ZyZmZTUwctj,Weekly,Fu370tZTKYz
99,Solvedt,MuIovmM5ttx,"IDS - Report: Suspected, Confirm, Death, Recovered",ZyZmZTUwctj,Weekly,Fu370tZTKYz
100,Solvedt,OxziGmoyb6x,"IDS - Report: Suspected, Confirm, Death, Recovered",ZyZmZTUwctj,Weekly,Fu370tZTKYz
101,Solvedt,ZtHAZUG2JOd,"IDS - Report: Suspected, Confirm, Death, Recovered",ZyZmZTUwctj,Weekly,Fu370tZTKYz
102,Solvedt,f97S1zfWLVN,"IDS - Report: Suspected, Confirm, Death, Recovered",ZyZmZTUwctj,Weekly,Fu370tZTKYz
103,Solvedt,iJ3UlXZ5zZi,"IDS - Report: Suspected, Confirm, Death, Recovered",ZyZmZTUwctj,Weekly,Fu370tZTKYz
104,Solvedt,swf7n9MvaJl,"IDS - Report: Suspected, Confirm, Death, Recovered",ZyZmZTUwctj,Weekly,Fu370tZTKYz
105,Solvedt,xJwrRvWxk54,"IDS - Report: Suspected, Confirm, Death, Recovered",ZyZmZTUwctj,Weekly,Fu370tZTKYz
106,Solvedt,P8hfIBeAOHc,"IDS - Report: Suspected, Confirm, Death, Recovered",ZyZmZTUwctj,Weekly,Fu370tZTKYz
107,Solvedt,ZHBSnGMEkRV,"IDS - Report: Suspected, Confirm, Death, Recovered",ZyZmZTUwctj,Weekly,Fu370tZTKYz
108,DailyConfirmedt,Hq7bd7AQqRt,"IDS daily - Report: Suspected, Confirm, Death, Recovered",rTPYTgYoxAQ,Daily,Fu370tZTKYz
109,DailyConfirmedt,NUuIMAB9QKu,"IDS daily - Report: Suspected, Confirm, Death, Recovered",rTPYTgYoxAQ,Daily,Fu370tZTKYz
110,DailyConfirmedt,BMhCyUqblP3,"IDS daily - Report: Suspected, Confirm, Death, Recovered",rTPYTgYoxAQ,Daily,Fu370tZTKYz
111,DailyConfirmedt,zLSXOrvexiN,"IDS daily - Report: Suspected, Confirm, Death, Recovered",rTPYTgYoxAQ,Daily,Fu370tZTKYz
112,DailyConfirmedt,jyxOJS30PT4,"IDS daily - Report: Suspected, Confirm, Death, Recovered",rTPYTgYoxAQ,Daily,Fu370tZTKYz
113,DailyConfirmedt,nglbTBFcSzG,"IDS daily - Report: Suspected, Confirm, Death, Recovered",rTPYTgYoxAQ,Daily,Fu370tZTKYz
114,DailyConfirmedt,I2qqsgKhvbd,"IDS daily - Report: Suspected, Confirm, Death, Recovered",rTPYTgYoxAQ,Daily,Fu370tZTKYz
115,DailyConfirmedt,GjffSjYMdMs,"IDS daily - Report: Suspected, Confirm, Death, Recovered",rTPYTgYoxAQ,Daily,Fu370tZTKYz
116,DailyConfirmedt,s9uhlE8oozS,"IDS daily - Report: Suspected, Confirm, Death, Recovered",rTPYTgYoxAQ,Daily,Fu370tZTKYz
117,DailyConfirmedt,NZ9rk7RiODy,"IDS daily - Report: Suspected, Confirm, Death, Recovered",rTPYTgYoxAQ,Daily,Fu370tZTKYz
118,DailyConfirmedt,iCfHLOTX4Fa,"IDS daily - Report: Suspected, Confirm, Death, Recovered",rTPYTgYoxAQ,Daily,Fu370tZTKYz
119,DailyConfirmedt,UTvtMAFDeFJ,"IDS daily - Report: Suspected, Confirm, Death, Recovered",rTPYTgYoxAQ,Daily,Fu370tZTKYz
120,DailyDeatht,PJLxefKOOUQ,"IDS daily - Report: Suspected, Confirm, Death, Recovered",rTPYTgYoxAQ,Daily,Fu370tZTKYz
121,DailyDeatht,SYrUS9vk2M6,"IDS daily - Report: Suspected, Confirm, Death, Recovered",rTPYTgYoxAQ,Daily,Fu370tZTKYz
122,DailyDeatht,t4vDQsX5d18,"IDS daily - Report: Suspected, Confirm, Death, Recovered",rTPYTgYoxAQ,Daily,Fu370tZTKYz
123,DailyDeatht,k9eytexnhq6,"IDS daily - Report: Suspected, Confirm, Death, Recovered",rTPYTgYoxAQ,Daily,Fu370tZTKYz
124,DailyDeatht,YJz9fD46Xg9,"IDS daily - Report: Suspected, Confirm, Death, Recovered",rTPYTgYoxAQ,Daily,Fu370tZTKYz
125,DailyDeatht,hIFoJQ2kSJF,"IDS daily - Report: Suspected, Confirm, Death, Recovered",rTPYTgYoxAQ,Daily,Fu370tZTKYz
126,DailyDeatht,iDPEto9SRIE,"IDS daily - Report: Suspected, Confirm, Death, Recovered",rTPYTgYoxAQ,Daily,Fu370tZTKYz
127,DailyDeatht,Fh28PAW081J,"IDS daily - Report: Suspected, Confirm, Death, Recovered",rTPYTgYoxAQ,Daily,Fu370tZTKYz
128,DailyDeatht,Jc4t95dOczx,"IDS daily - Report: Suspected, Confirm, Death, Recovered",rTPYTgYoxAQ,Daily,Fu370tZTKYz
129,DailyDeatht,M1MOvKxEXMf,"IDS daily - Report: Suspected, Confirm, Death, Recovered",rTPYTgYoxAQ,Daily,Fu370tZTKYz
130,DailyDeatht,gGHRfku8Ld8,"IDS daily - Report: Suspected, Confirm, Death, Recovered",rTPYTgYoxAQ,Daily,Fu370tZTKYz
131,DailyDeatht,O5Z6BN8xwsL,"IDS daily - Report: Suspected, Confirm, Death, Recovered",rTPYTgYoxAQ,Daily,Fu370tZTKYz
132,DailyRecoveredt,puOybd8biSC,"IDS daily - Report: Suspected, Confirm, Death, Recovered",rTPYTgYoxAQ,Daily,Fu370tZTKYz
133,DailyRecoveredt,H5GIB0A5Pyt,"IDS daily - Report: Suspected, Confirm, Death, Recovered",rTPYTgYoxAQ,Daily,Fu370tZTKYz
134,DailyRecoveredt,FcwJYepXc6O,"IDS daily - Report: Suspected, Confirm, Death, Recovered",rTPYTgYoxAQ,Daily,Fu370tZTKYz
135,DailyRecoveredt,BiV2NjTe0nt,"IDS daily - Report: Suspected, Confirm, Death, Recovered",rTPYTgYoxAQ,Daily,Fu370tZTKYz
136,DailyRecoveredt,IepOYjGDsWl,"IDS daily - Report: Suspected, Confirm, Death, Recovered",rTPYTgYoxAQ,Daily,Fu370tZTKYz
137,DailyRecoveredt,pZD0v2LKJ3C,"IDS daily - Report: Suspected, Confirm, Death, Recovered",rTPYTgYoxAQ,Daily,Fu370tZTKYz
138,DailyRecoveredt,dcYgkbkU4RT,"IDS daily - Report: Suspected, Confirm, Death, Recovered",rTPYTgYoxAQ,Daily,Fu370tZTKYz
139,DailyRecoveredt,zyuiADe74V5,"IDS daily - Report: Suspected, Confirm, Death, Recovered",rTPYTgYoxAQ,Daily,Fu370tZTKYz
140,DailyRecoveredt,vO9sdhZlmb6,"IDS daily - Report: Suspected, Confirm, Death, Recovered",rTPYTgYoxAQ,Daily,Fu370tZTKYz
141,DailyRecoveredt,aB2KVpaHIbX,"IDS daily - Report: Suspected, Confirm, Death, Recovered",rTPYTgYoxAQ,Daily,Fu370tZTKYz
142,DailyRecoveredt,WXS2gDJDlA2,"IDS daily - Report: Suspected, Confirm, Death, Recovered",rTPYTgYoxAQ,Daily,Fu370tZTKYz
143,DailyRecoveredt,d5RnFn1g5kK,"IDS daily - Report: Suspected, Confirm, Death, Recovered",rTPYTgYoxAQ,Daily,Fu370tZTKYz
144,DailySolvedt,UqDHUy3Ac8v,"IDS daily - Report: Suspected, Confirm, Death, Recovered",rTPYTgYoxAQ,Daily,Fu370tZTKYz
145,DailySolvedt,MfByfBEgvfu,"IDS daily - Report: Suspected, Confirm, Death, Recovered",rTPYTgYoxAQ,Daily,Fu370tZTKYz
146,DailySolvedt,XYNqfDzY6uh,"IDS daily - Report: Suspected, Confirm, Death, Recovered",rTPYTgYoxAQ,Daily,Fu370tZTKYz
147,DailySolvedt,yuDdfCPVrPZ,"IDS daily - Report: Suspected, Confirm, Death, Recovered",rTPYTgYoxAQ,Daily,Fu370tZTKYz
148,DailySolvedt,j3nBa7rHDie,"IDS daily - Report: Suspected, Confirm, Death, Recovered",rTPYTgYoxAQ,Daily,Fu370tZTKYz
149,DailySolvedt,JU7bKKM4lit,"IDS daily - Report: Suspected, Confirm, Death, Recovered",rTPYTgYoxAQ,Daily,Fu370tZTKYz
150,DailySolvedt,GwtTclaQXOC,"IDS daily - Report: Suspected, Confirm, Death, Recovered",rTPYTgYoxAQ,Daily,Fu370tZTKYz
151,DailySolvedt,Xni1QsUq6gA,"IDS daily - Report: Suspected, Confirm, Death, Recovered",rTPYTgYoxAQ,Daily,Fu370tZTKYz
152,DailySolvedt,VXwSZvLopAo,"IDS daily - Report: Suspected, Confirm, Death, Recovered",rTPYTgYoxAQ,Daily,Fu370tZTKYz
153,DailySolvedt,CkJUMUQluOT,"IDS daily - Report: Suspected, Confirm, Death, Recovered",rTPYTgYoxAQ,Daily,Fu370tZTKYz
154,DailySolvedt,xRIhquU29qV,"IDS daily - Report: Suspected, Confirm, Death, Recovered",rTPYTgYoxAQ,Daily,Fu370tZTKYz
155,DailySolvedt,VcJc3Cmumy7,"IDS daily - Report: Suspected, Confirm, Death, Recovered",rTPYTgYoxAQ,Daily,Fu370tZTKYz
156,ActiveCasest,JZzMfXQaXx7,"IDS - Report: Suspected, Confirm, Death, Recovered",ZyZmZTUwctj,Weekly,Fu370tZTKYz
157,ActiveCasest,HkA1nukE5E8,"IDS - Report: Suspected, Confirm, Death, Recovered",ZyZmZTUwctj,Weekly,Fu370tZTKYz
158,ActiveCasest,vMNVMSBxBsA,"IDS - Report: Suspected, Confirm, Death, Recovered",ZyZmZTUwctj,Weekly,Fu370tZTKYz
159,ActiveCasest,Pywu1S4JRUL,"IDS - Report: Suspected, Confirm, Death, Recovered",ZyZmZTUwctj,Weekly,Fu370tZTKYz
160,ActiveCasest,qCi0IPvGo3Q,"IDS - Report: Suspected, Confirm, Death, Recovered",ZyZmZTUwctj,Weekly,Fu370tZTKYz
161,ActiveCasest,ziCN6VQYwuJ,"IDS - Report: Suspected, Confirm, Death, Recovered",ZyZmZTUwctj,Weekly,Fu370tZTKYz
162,ActiveCasest,R90mB2qsxQO,"IDS - Report: Suspected, Confirm, Death, Recovered",ZyZmZTUwctj,Weekly,Fu370tZTKYz
163,ActiveCasest,fvwIdKO4Yok,"IDS - Report: Suspected, Confirm, Death, Recovered",ZyZmZTUwctj,Weekly,Fu370tZTKYz
164,ActiveCasest,CrRidRmVlp9,"IDS - Report: Suspected, Confirm, Death, Recovered",ZyZmZTUwctj,Weekly,Fu370tZTKYz
165,ActiveCasest,DfDP4xp32lS,"IDS - Report: Suspected, Confirm, Death, Recovered",ZyZmZTUwctj,Weekly,Fu370tZTKYz
166,ActiveCasest,EZOfvDcuAm1,"IDS - Report: Suspected, Confirm, Death, Recovered",ZyZmZTUwctj,Weekly,Fu370tZTKYz
167,ActiveCasest,qae4NLBleqd,"IDS - Report: Suspected, Confirm, Death, Recovered",ZyZmZTUwctj,Weekly,Fu370tZTKYz
168,PreActiveCasest,ko4ljlYBe1e,"IDS - Report: Suspected, Confirm, Death, Recovered",ZyZmZTUwctj,Weekly,Fu370tZTKYz
169,PreActiveCasest,kOk6wXW73XN,"IDS - Report: Suspected, Confirm, Death, Recovered",ZyZmZTUwctj,Weekly,Fu370tZTKYz
170,PreActiveCasest,b362jUqr172,"IDS - Report: Suspected, Confirm, Death, Recovered",ZyZmZTUwctj,Weekly,Fu370tZTKYz
171,PreActiveCasest,ASt2I4RK0l5,"IDS - Report: Suspected, Confirm, Death, Recovered",ZyZmZTUwctj,Weekly,Fu370tZTKYz
172,PreActiveCasest,dtovFAYgrRl,"IDS - Report: Suspected, Confirm, Death, Recovered",ZyZmZTUwctj,Weekly,Fu370tZTKYz
173,PreActiveCasest,fUhZWXx17jM,"IDS - Report: Suspected, Confirm, Death, Recovered",ZyZmZTUwctj,Weekly,Fu370tZTKYz
174,PreActiveCasest,Eg0CHS0IoJ6,"IDS - Report: Suspected, Confirm, Death, Recovered",ZyZmZTUwctj,Weekly,Fu370tZTKYz
175,PreActiveCasest,qvUAMqSarM5,"IDS - Report: Suspected, Confirm, Death, Recovered",ZyZmZTUwctj,Weekly,Fu370tZTKYz
176,PreActiveCasest,PVyGWYNygJu,"IDS - Report: Suspected, Confirm, Death, Recovered",ZyZmZTUwctj,Weekly,Fu370tZTKYz
177,PreActiveCasest,h6Liba7fBXm,"IDS - Report: Suspected, Confirm, Death, Recovered",ZyZmZTUwctj,Weekly,Fu370tZTKYz
178,PreActiveCasest,ZMqLJUUwFD1,"IDS - Report: Suspected, Confirm, Death, Recovered",ZyZmZTUwctj,Weekly,Fu370tZTKYz
179,PreActiveCasest,wrm6dlMcGom,"IDS - Report: Suspected, Confirm, Death, Recovered",ZyZmZTUwctj,Weekly,Fu370tZTKYz
180,DeathsPercentaget ,aUvJ2nSQ7YM,"IDS - Report: Suspected, Confirm, Death, Recovered",ZyZmZTUwctj,Weekly,Fu370tZTKYz
181,DeathsPercentaget ,eRNZavninU4,"IDS - Report: Suspected, Confirm, Death, Recovered",ZyZmZTUwctj,Weekly,Fu370tZTKYz
182,DeathsPercentaget ,haBMU9BSsvZ,"IDS - Report: Suspected, Confirm, Death, Recovered",ZyZmZTUwctj,Weekly,Fu370tZTKYz
183,DeathsPercentaget ,vi5rJb8tNd7,"IDS - Report: Suspected, Confirm, Death, Recovered",ZyZmZTUwctj,Weekly,Fu370tZTKYz
184,DeathsPercentaget ,BseFEXyL2lF,"IDS - Report: Suspected, Confirm, Death, Recovered",ZyZmZTUwctj,Weekly,Fu370tZTKYz
185,DeathsPercentaget ,kv029mOoOAV,"IDS - Report: Suspected, Confirm, Death, Recovered",ZyZmZTUwctj,Weekly,Fu370tZTKYz
186,DeathsPercentaget ,qvUjCiEoD4l,"IDS - Report: Suspected, Confirm, Death, Recovered",ZyZmZTUwctj,Weekly,Fu370tZTKYz
187,DeathsPercentaget ,OX6IKB20ZCN,"IDS - Report: Suspected, Confirm, Death, Recovered",ZyZmZTUwctj,Weekly,Fu370tZTKYz
188,DeathsPercentaget ,OX9Z11R5Zp5,"IDS - Report: Suspected, Confirm, Death, Recovered",ZyZmZTUwctj,Weekly,Fu370tZTKYz
189,DeathsPercentaget ,cNW2NJTL9eQ,"IDS - Report: Suspected, Confirm, Death, Recovered",ZyZmZTUwctj,Weekly,Fu370tZTKYz
190,DeathsPercentaget ,bwIVnLMAktR,"IDS - Report: Suspected, Confirm, Death, Recovered",ZyZmZTUwctj,Weekly,Fu370tZTKYz
191,DeathsPercentaget ,cHJtRu75k1f,"IDS - Report: Suspected, Confirm, Death, Recovered",ZyZmZTUwctj,Weekly,Fu370tZTKYz
192,RecoveredPercentaget,BdG54n4epI1,"IDS - Report: Suspected, Confirm, Death, Recovered",ZyZmZTUwctj,Weekly,Fu370tZTKYz
193,RecoveredPercentaget,ZWiU6svFyCW,"IDS - Report: Suspected, Confirm, Death, Recovered",ZyZmZTUwctj,Weekly,Fu370tZTKYz
194,RecoveredPercentaget,YfN8HMOv1Ac,"IDS - Report: Suspected, Confirm, Death, Recovered",ZyZmZTUwctj,Weekly,Fu370tZTKYz
195,RecoveredPercentaget,jgUgnv7TpIQ,"IDS - Report: Suspected, Confirm, Death, Recovered",ZyZmZTUwctj,Weekly,Fu370tZTKYz
196,RecoveredPercentaget,U8oFUitPm4Q,"IDS - Report: Suspected, Confirm, Death, Recovered",ZyZmZTUwctj,Weekly,Fu370tZTKYz
197,RecoveredPercentaget,Owy0reEzSFn,"IDS - Report: Suspected, Confirm, Death, Recovered",ZyZmZTUwctj,Weekly,Fu370tZTKYz
198,RecoveredPercentaget,WpIDTmv1D4E,"IDS - Report: Suspected, Confirm, Death, Recovered",ZyZmZTUwctj,Weekly,Fu370tZTKYz
199,RecoveredPercentaget,XI5MSAsLf1B,"IDS - Report: Suspected, Confirm, Death, Recovered",ZyZmZTUwctj,Weekly,Fu370tZTKYz
200,RecoveredPercentaget,vnbVO35r2gM,"IDS - Report: Suspected, Confirm, Death, Recovered",ZyZmZTUwctj,Weekly,Fu370tZTKYz
201,RecoveredPercentaget,M3HkzvPiQrW,"IDS - Report: Suspected, Confirm, Death, Recovered",ZyZmZTUwctj,Weekly,Fu370tZTKYz
202,RecoveredPercentaget,WxjRddxd1rm,"IDS - Report: Suspected, Confirm, Death, Recovered",ZyZmZTUwctj,Weekly,Fu370tZTKYz
203,RecoveredPercentaget,w1VFBL3g2Aj,"IDS - Report: Suspected, Confirm, Death, Recovered",ZyZmZTUwctj,Weekly,Fu370tZTKYz
204,aHSIt,GzqPq4gctgn,"IDS - Report: Suspected, Confirm, Death, Recovered",ZyZmZTUwctj,Weekly,Fu370tZTKYz
205,aHSIt,basVKr8AM1Z,"IDS - Report: Suspected, Confirm, Death, Recovered",ZyZmZTUwctj,Weekly,Fu370tZTKYz
206,aHSIt,FxxnnjkhLkz,"IDS - Report: Suspected, Confirm, Death, Recovered",ZyZmZTUwctj,Weekly,Fu370tZTKYz
207,aHSIt,yL6qs9KCrFU,"IDS - Report: Suspected, Confirm, Death, Recovered",ZyZmZTUwctj,Weekly,Fu370tZTKYz
208,aHSIt,qAe3ecty9rX,"IDS - Report: Suspected, Confirm, Death, Recovered",ZyZmZTUwctj,Weekly,Fu370tZTKYz
209,aHSIt,vonHUPjDEOj,"IDS - Report: Suspected, Confirm, Death, Recovered",ZyZmZTUwctj,Weekly,Fu370tZTKYz
210,aHSIt,TYAWGFmVkMu,"IDS - Report: Suspected, Confirm, Death, Recovered",ZyZmZTUwctj,Weekly,Fu370tZTKYz
211,aHSIt,OyFYid8V7Tr,"IDS - Report: Suspected, Confirm, Death, Recovered",ZyZmZTUwctj,Weekly,Fu370tZTKYz
212,aHSIt,pZcV2eu9YPN,"IDS - Report: Suspected, Confirm, Death, Recovered",ZyZmZTUwctj,Weekly,Fu370tZTKYz
213,aHSIt,jGGLycLsVx9,"IDS - Report: Suspected, Confirm, Death, Recovered",ZyZmZTUwctj,Weekly,Fu370tZTKYz
214,aHSIt,uOeqWJaICKF,"IDS - Report: Suspected, Confirm, Death, Recovered",ZyZmZTUwctj,Weekly,Fu370tZTKYz
215,aHSIt,zQayqtrJmc2,"IDS - Report: Suspected, Confirm, Death, Recovered",ZyZmZTUwctj,Weekly,Fu370tZTKYz
216,dHSIt,G3dbFdzSzuY,"IDS - Report: Suspected, Confirm, Death, Recovered",ZyZmZTUwctj,Weekly,Fu370tZTKYz
217,dHSIt,DBSdu1ufIL6,"IDS - Report: Suspected, Confirm, Death, Recovered",ZyZmZTUwctj,Weekly,Fu370tZTKYz
218,dHSIt,ewYWVN4azUE,"IDS - Report: Suspected, Confirm, Death, Recovered",ZyZmZTUwctj,Weekly,Fu370tZTKYz
219,dHSIt,s5KpRy2p7GN,"IDS - Report: Suspected, Confirm, Death, Recovered",ZyZmZTUwctj,Weekly,Fu370tZTKYz
220,dHSIt,kv2DJiL80xr,"IDS - Report: Suspected, Confirm, Death, Recovered",ZyZmZTUwctj,Weekly,Fu370tZTKYz
221,dHSIt,dLp13HxS3lo,"IDS - Report: Suspected, Confirm, Death, Recovered",ZyZmZTUwctj,Weekly,Fu370tZTKYz
222,dHSIt,X76WO5vVJdP,"IDS - Report: Suspected, Confirm, Death, Recovered",ZyZmZTUwctj,Weekly,Fu370tZTKYz
223,dHSIt,E1h2eHkbAfJ,"IDS - Report: Suspected, Confirm, Death, Recovered",ZyZmZTUwctj,Weekly,Fu370tZTKYz
224,dHSIt,zXNYqKzZ30L,"IDS - Report: Suspected, Confirm, Death, Recovered",ZyZmZTUwctj,Weekly,Fu370tZTKYz
225,dHSIt,KcJkaCiTpZE,"IDS - Report: Suspected, Confirm, Death, Recovered",ZyZmZTUwctj,Weekly,Fu370tZTKYz
226,dHSIt,Y1AhaQcaKBN,"IDS - Report: Suspected, Confirm, Death, Recovered",ZyZmZTUwctj,Weekly,Fu370tZTKYz
227,dHSIt,NSzBM6qE3eB,"IDS - Report: Suspected, Confirm, Death, Recovered",ZyZmZTUwctj,Weekly,Fu370tZTKYz
228,hPORt,sElcvBwP8ak,"IDS - Report: Suspected, Confirm, Death, Recovered",ZyZmZTUwctj,Weekly,Fu370tZTKYz
229,hPORt,JAlFAFRC93j,"IDS - Report: Suspected, Confirm, Death, Recovered",ZyZmZTUwctj,Weekly,Fu370tZTKYz
230,hPORt,D2BAIr02NQn,"IDS - Report: Suspected, Confirm, Death, Recovered",ZyZmZTUwctj,Weekly,Fu370tZTKYz
231,hPORt,PvXHRY1x3Ni,"IDS - Report: Suspected, Confirm, Death, Recovered",ZyZmZTUwctj,Weekly,Fu370tZTKYz
232,hPORt,d6uwmTZ33vv,"IDS - Report: Suspected, Confirm, Death, Recovered",ZyZmZTUwctj,Weekly,Fu370tZTKYz
233,hPORt,aSO4Py7qwZQ,"IDS - Report: Suspected, Confirm, Death, Recovered",ZyZmZTUwctj,Weekly,Fu370tZTKYz
234,hPORt,kfNHpTn92vS,"IDS - Report: Suspected, Confirm, Death, Recovered",ZyZmZTUwctj,Weekly,Fu370tZTKYz
235,hPORt,c2OQYDmHAUj,"IDS - Report: Suspected, Confirm, Death, Recovered",ZyZmZTUwctj,Weekly,Fu370tZTKYz
236,hPORt,ZNJ5pj5qgdH,"IDS - Report: Suspected, Confirm, Death, Recovered",ZyZmZTUwctj,Weekly,Fu370tZTKYz
237,hPORt,gpP0BW71zZT,"IDS - Report: Suspected, Confirm, Death, Recovered",ZyZmZTUwctj,Weekly,Fu370tZTKYz
238,hPORt,Y7cGZo8giet,"IDS - Report: Suspected, Confirm, Death, Recovered",ZyZmZTUwctj,Weekly,Fu370tZTKYz
239,hPORt,z9Hutc2OCH0,"IDS - Report: Suspected, Confirm, Death, Recovered",ZyZmZTUwctj,Weekly,Fu370tZTKYz
240,icuPORr,WJwaBjkA6Nm,"IDS - Report: Suspected, Confirm, Death, Recovered",ZyZmZTUwctj,Weekly,Fu370tZTKYz
241,icuPORr,lrkBfTrbTDq,"IDS - Report: Suspected, Confirm, Death, Recovered",ZyZmZTUwctj,Weekly,Fu370tZTKYz
242,icuPORr,AC9gPpS20Jg,"IDS - Report: Suspected, Confirm, Death, Recovered",ZyZmZTUwctj,Weekly,Fu370tZTKYz
243,icuPORr,viQFmF5LUPB,"IDS - Report: Suspected, Confirm, Death, Recovered",ZyZmZTUwctj,Weekly,Fu370tZTKYz
244,icuPORr,IJ20ybPNFEe,"IDS - Report: Suspected, Confirm, Death, Recovered",ZyZmZTUwctj,Weekly,Fu370tZTKYz
245,icuPORr,Cf4YjZGaaTu,"IDS - Report: Suspected, Confirm, Death, Recovered",ZyZmZTUwctj,Weekly,Fu370tZTKYz
246,icuPORr,NF47WQtGf8P,"IDS - Report: Suspected, Confirm, Death, Recovered",ZyZmZTUwctj,Weekly,Fu370tZTKYz
247,icuPORr,NW3exDFktaG,"IDS - Report: Suspected, Confirm, Death, Recovered",ZyZmZTUwctj,Weekly,Fu370tZTKYz
248,icuPORr,UurWA8mSefw,"IDS - Report: Suspected, Confirm, Death, Recovered",ZyZmZTUwctj,Weekly,Fu370tZTKYz
249,icuPORr,xhm1jQvmho1,"IDS - Report: Suspected, Confirm, Death, Recovered",ZyZmZTUwctj,Weekly,Fu370tZTKYz
250,icuPORr,jggyfzSztoc,"IDS - Report: Suspected, Confirm, Death, Recovered",ZyZmZTUwctj,Weekly,Fu370tZTKYz
251,icuPORr,D5KFWqdbCQN,"IDS - Report: Suspected, Confirm, Death, Recovered",ZyZmZTUwctj,Weekly,Fu370tZTKYz
252,TB,VWGWPZ46Q3R,"IDS - Report: Suspected, Confirm, Death, Recovered",ZyZmZTUwctj,Weekly,Fu370tZTKYz
253,TI,dl9IPvdN39w,"IDS - Report: Suspected, Confirm, Death, Recovered",ZyZmZTUwctj,Weekly,Fu370tZTKYz
254,Occupation index,tXT0iC7Mfwk,Economy Index,xOfzzjLB2sF,Weekly,Fu370tZTKYz
255,Turnover index ,sH6NggVEN9I,Economy Index,xOfzzjLB2sF,Weekly,Fu370tZTKYz
256,Average stay ,uqSA0njQR9q,Economy Index,xOfzzjLB2sF,Weekly,Fu370tZTKYz
257,Gross mortality rate ,AbWoj6DcTr2,Economy Index,xOfzzjLB2sF,Weekly,Fu370tZTKYz
258,Autopsy rate ,FxamR9gWUMp,Economy Index,xOfzzjLB2sF,Weekly,Fu370tZTKYz
259,Emergency pressure ,Svk6QqLuyGd,Economy Index,xOfzzjLB2sF,Weekly,Fu370tZTKYz
260,Cesarean section delivery rate ,nI8R3J8r3df,Economy Index,xOfzzjLB2sF,Weekly,Fu370tZTKYz
261,Vaginal delivery rate ,LTj61ZxBj0J,Economy Index,xOfzzjLB2sF,Weekly,Fu370tZTKYz
262,Newborn rate ,yqLeTS2S5e2,Economy Index,xOfzzjLB2sF,Weekly,Fu370tZTKYz
263,Inpatient surgery index ,PgtjlvVDKIM,Economy Index,xOfzzjLB2sF,Weekly,Fu370tZTKYz
264,Outpatient surgery index ,gQDc8QVqpo9,Economy Index,xOfzzjLB2sF,Weekly,Fu370tZTKYz
265,Scheduled surgery index ,BdE5szIDROs,Economy Index,xOfzzjLB2sF,Weekly,Fu370tZTKYz
266,Emergency surgery index ,ya7ykYpUt78,Economy Index,xOfzzjLB2sF,Weekly,Fu370tZTKYz
267,Mortality during weekend surgical intervention ,Xl16cWzTrzV,Economy Index,xOfzzjLB2sF,Weekly,Fu370tZTKYz
268,Episodes with surgery ,dSUBsrbS9sg,Economy Index,xOfzzjLB2sF,Weekly,Fu370tZTKYz
269,Mortality in surgical episode ,XuQu1qeAJ3O,Economy Index,xOfzzjLB2sF,Weekly,Fu370tZTKYz
270,Re-surgery rate ,IgMfxgh4n22,Economy Index,xOfzzjLB2sF,Weekly,Fu370tZTKYz
271,Average preoperative stay ,AnP1qHvY03i,Economy Index,xOfzzjLB2sF,Weekly,Fu370tZTKYz
272,Emergency mortality rate ,DrBmoPv1b9E,Economy Index,xOfzzjLB2sF,Weekly,Fu370tZTKYz
273,Average emergency time ,TA6IGoP1eq2,Economy Index,xOfzzjLB2sF,Weekly,Fu370tZTKYz
274,Rate of return to emergency within 72 hours,fxsny1E8ySp,Economy Index,xOfzzjLB2sF,Weekly,Fu370tZTKYz
